URL,Category
https://ebay.com,E-Commerce
https://aliexpress.com,E-Commerce
https://amazon.co.uk,E-Commerce
https://walmart.com,E-Commerce
https://etsy.com,E-Commerce
https://craigslist.org,E-Commerce
https://ebay.co.uk,E-Commerce
https://amazon.in,E-Commerce
https://pinduoduo.com,E-Commerce
https://trendyol.com,E-Commerce
https://flipkart.com,E-Commerce
https://target.com,E-Commerce
https://amazon.ca,E-Commerce
https://wayfair.com,E-Commerce
https://mercari.com,E-Commerce
https://wish.com,E-Commerce
https://alibaba.com,E-Commerce
http://www.linkedin.com/,Listings
http://www.craigslist.org/,Listings
https://www.usajobs.gov/,Listings
http://www.careerbuilder.com/,Listings
http://www.monster.com/,Listings
http://www.glassdoor.com/,Listings
http://www.splashfind.com/,Listings
http://www.jobsdb.com/,Listings
https://in.indeed.com/,Listings
http://www.splashfind.com/,Listings
http://jobcircle.com/,Listings
http://www.snagajob.com/,Listings
http://careers.ieee.org/,Listings
http://www.mediabistro.com/joblistings/?nav=mdj,Listings
http://www.dice.com/,Listings
http://www.bright.com/,Listings
https://www.ziprecruiter.com/,Listings
http://www.military.com/veteran-jobs,Listings
http://www.theladders.com/,Listings
http://jobs.newscientist.com/,Listings
http://www.job-search-engine.com/,Listings
http://chronicle.com/section/Jobs/61/,Listings
http://www.flexjobs.com/,Listings
http://www.gigajob.com/,Listings
http://www.smartbrief.com/,Listings
http://www.higheredjobs.com/default.cfm,Listings
http://www.jobs2careers.com/,Listings
http://us.experteer.com/,Listings
http://www.splashfind.com/,Listings
http://www.hcareers.com/,Listings
http://www.efinancialcareers.com/,Listings
http://www.careerage.com/,Listings
http://mepjobs.com/(S(0tiuzzf2ix5wjfnwj0osez55))/default.aspx,Listings
http://www.reviews.com/job-sites/jobingcom/,Listings
http://www.veteranjobs.com/,Listings
http://www.startuphire.com/,Listings
http://www.jobtarget.com/corp/,Listings
http://www.tweetmyjobs.com/,Listings
http://regionalhelpwanted.com/corporate/our_sites_usa.cfm,Listings
http://www.prsa.org/jobcenter/,Listings
http://www.jobsonline.com/,Listings
http://www.careeronestop.org/JobSearch/COS_jobsites.aspx,Listings
http://www.collegerecruiter.com/,Listings
http://creditunionboard.com/,Listings
http://www.reviews.com/job-sites/linkup/,Listings
http://jobs.com/,Listings
http://www.hospitalityonline.com/,Listings
http://www.resume-resource.com/,Listings
http://www.talentzoo.com/,Listings
http://www.arca24.com/job-seekers.php,Listings
http://www.net-temps.com/#axzz2fGC2hW5a,Listings
http://www.coolworks.com/,Listings
http://www.associationcareernetwork.com/,Listings
http://www.oncontracting.com/,Listings
https://www.aftercollege.com/,Listings
http://www.gulflive.com/jobs/,Listings
http://www.toplanguagejobs.com/,Listings
http://topusajobs.com/,Listings
http://jobregistry.nafsa.org/,Listings
http://www.employmentguide.com/,Listings
http://recruitmilitary.com/,Listings
http://www.stjobs.sg/,Listings
http://jobsinlogistics.com/,Listings
http://www.flipdog.com/,Listings
http://www.socialservice.com/,Listings
http://www.ihispano.com/,Listings
http://www.jobofmine.com/,Listings
http://www.job-hunt.org/,Listings
http://www.laborready.com/,Listings
http://www.orlandojobs.com/,Listings
http://www.latpro.com/,Listings
http://www.insurancejobs.com/the-insurance-employment-network.htm,Listings
http://www.creativejobscentral.com/marketing-internships/,Listings
http://www.the-dispatch.com/apps/pbcs.dll/section?Category=jobs,Listings
http://jobanimal.4jobs.com/,Listings
http://careers.tesol.org/,Listings
http://www.nationjob.com/,Listings
http://www.jobalot.com/,Listings
http://benefitslink.com/index.html#.UjiYd2TXg1c,Listings
http://www.directemployers.org/,Listings
http://www.employment911.com/,Listings
http://www.locumtenens.com/,Listings
http://www.career.com/Career/LayoutScripts/Crrl_JobSearch.aspx,Listings
http://www.hospitaljobsonline.com/,Listings
http://hortjobs.com/,Listings
http://www.cccu.org/careers,Listings
http://careerbank.com/,Listings
http://clearedconnections.com/Default.htm,Listings
https://www.facebook.com/business/pages,Listings
https://business.instagram.com/,Listings
https://www.google.com/business,Listings
https://www.linkedin.com/directory/companies/,Listings
https://appleid.apple.com/account#!&page=create,Listings
https://business.yelp.com/,Listings
http://bing.com/,Listings
https://offers.hubspot.com/solutions-directory-listing,Listings
https://www.bbb.org/get-listed,Listings
https://help.mapquest.com/hc/en-us/requests/new,Listings
https://foursquare.com/city-guide,Listings
https://smallbusiness.yahoo.com/local,Listings
https://www.thumbtack.com/pro,Listings
https://marketing.yellowpages.com/en/claim-your-listing?from=advertise-with-us-YP,Listings
https://business.nextdoor.com/en-us/local,Listings
https://www.manta.com/add-your-company,Listings
https://www.merchantcircle.com/signup,Listings
https://www.yellowbook.com/add-update-listing/,Listings
https://www.dandb.com/businessdirectory/,Listings
https://admin.hotfrog.com/add/index-card,Listings
https://www.chamberofcommerce.com/members/add-business,Listings
https://www.2findlocal.com/Modules/Biz/bizPhoneLookup.php,Listings
https://dashboard.ezlocal.com/newlisting/default.aspx,Listings
https://www.brownbook.net/business/add,Listings
https://www.elocal.com/sign-up#!/category_id=,Listings
https://citysquares.com/add_business,Listings
https://ibegin.com/business-center/submit/,Listings
https://ebusinesspages.com/AddCompany.aspx,Listings
https://local.botw.org/helpcenter/premiumproduct.aspx,Listings
https://www.neustarlocaleze.biz/directory/us/,Listings
https://www.spoke.com/companies/new,Listings
https://www.golocal247.com/claim/business/free,Listings
https://www.callupcontact.com/active/register/register.php?,Listings
https://www.n49.com/,Listings
https://directory.justlanded.com/en/list_my_company,Listings
https://www.tuugo.us/AddYourBusiness,Listings
http://www.lacartes.com/business,Listings
https://hub.biz/business_registration/pick_domain?s=home,Listings
https://admin.cylex.us.com/firma_default.aspx?step=0&d=cylex.us.com,Listings
https://www.cybo.com/log-in/?next=/add-business/,Listings
https://www.fyple.com/,Listings
https://service.opendi.us/listings,Listings
https://yellow.place/en/submit,Listings
http://myhuckleberry.com/,Listings
http://www.expressbusinessdirectory.com/AddYourBusiness.aspx,Listings
https://www.bizhwy.com/addlisting.php,Listings
https://usdirectory.com/get-started,Listings
https://www.finduslocal.com/profile/addbusiness/,Listings
https://wix.com,Article
https://wordpress.org,Article
https://weebly.com,Article
https://medium.com,Article
https://ghost.org,Article
https://blogger.com,Article
https://tumblr.com,Article
https://about.instagram.com/features/igtv,Multimedia
https://youtube.com,Multimedia
https://Wistia.com,Multimedia
https://Vimeo.com,Multimedia
https://Metacafe.com,Multimedia
https://SproutVideo.com,Multimedia
https://Dailymotion.com,Multimedia
https://Netflix.com,Multimedia
https://Behance.net,Multimedia
https://Twitch.tv,Multimedia
https://www.primevideo.com/,Multimedia
https://Brightcove.com,Multimedia
https://Vevo.com,Multimedia
https://Hulu.com,Multimedia
https://d.tube/,Multimedia
https://joinpeertube.org/,Multimedia
https://Veoh.com,Multimedia
https://Disneyplus.com,Multimedia
https://curiositystream.com/,Multimedia
https://TED.com,Multimedia
https://500px.com,Multimedia
https://Album2.com,Multimedia
http://dayviews.com/,Multimedia
https://DeviantArt.com,Multimedia
https://Flickr.com,Multimedia
https://Fotki.com,Multimedia
https://Fotolog.com,Multimedia
https://www.google.com/photos/about/,Multimedia
https://Instagram.com,Multimedia
https://Imgur.com,Multimedia
http://www.ipernity.com/,Multimedia
https://jalbum.net/en/,Multimedia
https://Photobucket.com,Multimedia
https://Pinterest.com,Multimedia
https://Pixabay.com,Multimedia
https://Shutterfly.com,Multimedia
https://SmugMug.com,Multimedia
https://Snapfish.com,Multimedia
https://Unsplash.com,Multimedia